person1,person2
p:6,p:14003
p:6,p:50168
p:14003,p:50168
p:6,p:11713
p:6,p:547
p:6,p:795
p:547,p:795
p:6,p:34262
p:6,p:5572
p:6,p:9154
p:6,p:30923
p:6,p:34262
p:6,p:40493
p:6,p:50168
p:5572,p:9154
p:5572,p:30923
p:5572,p:34262
p:5572,p:40493
p:5572,p:50168
p:9154,p:30923
p:9154,p:34262
p:9154,p:40493
p:9154,p:50168
p:30923,p:34262
p:30923,p:40493
p:30923,p:50168
p:34262,p:40493
p:34262,p:50168
p:40493,p:50168
p:6,p:18479
p:6,p:1626
p:6,p:1631
p:6,p:2096
p:6,p:5079
p:6,p:5794
p:6,p:6297
p:6,p:8778
p:6,p:8876
p:6,p:9657
p:6,p:10324
p:6,p:11572
p:6,p:11710
p:6,p:14003
p:6,p:17276
p:6,p:29860
p:6,p:34606
p:6,p:37086
p:6,p:38191
p:6,p:41815
p:6,p:44091
p:6,p:48278
p:6,p:63936
p:6,p:69083
p:6,p:73760
p:1626,p:1631
p:1626,p:2096
p:1626,p:5079
p:1626,p:5794
p:1626,p:6297
p:1626,p:8778
p:1626,p:8876
p:1626,p:9657
p:1626,p:10324
p:1626,p:11572
p:1626,p:11710
p:1626,p:14003
p:1626,p:17276
p:1626,p:29860
p:1626,p:34606
p:1626,p:37086
p:1626,p:38191
p:1626,p:41815
p:1626,p:44091
p:1626,p:48278
p:1626,p:63936
p:1626,p:69083
p:1626,p:73760
p:1631,p:2096
p:1631,p:5079
p:1631,p:5794
p:1631,p:6297
p:1631,p:8778
p:1631,p:8876
p:1631,p:9657
p:1631,p:10324
p:1631,p:11572
p:1631,p:11710
p:1631,p:14003
p:1631,p:17276
p:1631,p:29860
p:1631,p:34606
p:1631,p:37086
p:1631,p:38191
p:1631,p:41815
p:1631,p:44091
p:1631,p:48278
p:1631,p:63936
p:1631,p:69083
p:1631,p:73760
p:2096,p:5079
p:2096,p:5794
p:2096,p:6297
p:2096,p:8778
p:2096,p:8876
p:2096,p:9657
p:2096,p:10324
p:2096,p:11572
p:2096,p:11710
p:2096,p:14003
p:2096,p:17276
p:2096,p:29860
p:2096,p:34606
p:2096,p:37086
p:2096,p:38191
p:2096,p:41815
p:2096,p:44091
p:2096,p:48278
p:2096,p:63936
p:2096,p:69083
p:2096,p:73760
p:5079,p:5794
p:5079,p:6297
p:5079,p:8778
p:5079,p:8876
p:5079,p:9657
p:5079,p:10324
p:5079,p:11572
p:5079,p:11710
p:5079,p:14003
p:5079,p:17276
p:5079,p:29860
p:5079,p:34606
p:5079,p:37086
p:5079,p:38191
p:5079,p:41815
p:5079,p:44091
p:5079,p:48278
p:5079,p:63936
p:5079,p:69083
p:5079,p:73760
p:5794,p:6297
p:5794,p:8778
p:5794,p:8876
p:5794,p:9657
p:5794,p:10324
p:5794,p:11572
p:5794,p:11710
p:5794,p:14003
p:5794,p:17276
p:5794,p:29860
p:5794,p:34606
p:5794,p:37086
p:5794,p:38191
p:5794,p:41815
p:5794,p:44091
p:5794,p:48278
p:5794,p:63936
p:5794,p:69083
p:5794,p:73760
p:6297,p:8778
p:6297,p:8876
p:6297,p:9657
p:6297,p:10324
p:6297,p:11572
p:6297,p:11710
p:6297,p:14003
p:6297,p:17276
p:6297,p:29860
p:6297,p:34606
p:6297,p:37086
p:6297,p:38191
p:6297,p:41815
p:6297,p:44091
p:6297,p:48278
p:6297,p:63936
p:6297,p:69083
p:6297,p:73760
p:8778,p:8876
p:8778,p:9657
p:8778,p:10324
p:8778,p:11572
p:8778,p:11710
p:8778,p:14003
p:8778,p:17276
p:8778,p:29860
p:8778,p:34606
p:8778,p:37086
p:8778,p:38191
p:8778,p:41815
p:8778,p:44091
p:8778,p:48278
p:8778,p:63936
p:8778,p:69083
p:8778,p:73760
p:8876,p:9657
p:8876,p:10324
p:8876,p:11572
p:8876,p:11710
p:8876,p:14003
p:8876,p:17276
p:8876,p:29860
p:8876,p:34606
p:8876,p:37086
p:8876,p:38191
p:8876,p:41815
p:8876,p:44091
p:8876,p:48278
p:8876,p:63936
p:8876,p:69083
p:8876,p:73760
p:9657,p:10324
p:9657,p:11572
p:9657,p:11710
p:9657,p:14003
p:9657,p:17276
p:9657,p:29860
p:9657,p:34606
p:9657,p:37086
p:9657,p:38191
p:9657,p:41815
p:9657,p:44091
p:9657,p:48278
p:9657,p:63936
p:9657,p:69083
p:9657,p:73760
p:10324,p:11572
p:10324,p:11710
p:10324,p:14003
p:10324,p:17276
p:10324,p:29860
p:10324,p:34606
p:10324,p:37086
p:10324,p:38191
p:10324,p:41815
p:10324,p:44091
p:10324,p:48278
p:10324,p:63936
p:10324,p:69083
p:10324,p:73760
p:11572,p:11710
p:11572,p:14003
p:11572,p:17276
p:11572,p:29860
p:11572,p:34606
p:11572,p:37086
p:11572,p:38191
p:11572,p:41815
p:11572,p:44091
p:11572,p:48278
p:11572,p:63936
p:11572,p:69083
p:11572,p:73760
p:11710,p:14003
p:11710,p:17276
p:11710,p:29860
p:11710,p:34606
p:11710,p:37086
p:11710,p:38191
p:11710,p:41815
p:11710,p:44091
p:11710,p:48278
p:11710,p:63936
p:11710,p:69083
p:11710,p:73760
p:14003,p:17276
p:14003,p:29860
p:14003,p:34606
p:14003,p:37086
p:14003,p:38191
p:14003,p:41815
p:14003,p:44091
p:14003,p:48278
p:14003,p:63936
p:14003,p:69083
p:14003,p:73760
p:17276,p:29860
p:17276,p:34606
p:17276,p:37086
p:17276,p:38191
p:17276,p:41815
p:17276,p:44091
p:17276,p:48278
p:17276,p:63936
p:17276,p:69083
p:17276,p:73760
p:29860,p:34606
p:29860,p:37086
p:29860,p:38191
p:29860,p:41815
p:29860,p:44091
p:29860,p:48278
p:29860,p:63936
p:29860,p:69083
p:29860,p:73760
p:34606,p:37086
p:34606,p:38191
p:34606,p:41815
p:34606,p:44091
p:34606,p:48278
p:34606,p:63936
p:34606,p:69083
p:34606,p:73760
p:37086,p:38191
p:37086,p:41815
p:37086,p:44091
p:37086,p:48278
p:37086,p:63936
p:37086,p:69083
p:37086,p:73760
p:38191,p:41815
p:38191,p:44091
p:38191,p:48278
p:38191,p:63936
p:38191,p:69083
p:38191,p:73760
p:41815,p:44091
p:41815,p:48278
p:41815,p:63936
p:41815,p:69083
p:41815,p:73760
p:44091,p:48278
p:44091,p:63936
p:44091,p:69083
p:44091,p:73760
p:48278,p:63936
p:48278,p:69083
p:48278,p:73760
p:63936,p:69083
p:63936,p:73760
p:69083,p:73760
p:74,p:1064
p:74,p:2736
p:74,p:4062
p:74,p:6275
p:74,p:8977
p:74,p:39317
p:74,p:40455
p:74,p:50168
p:74,p:52498
p:1064,p:2736
p:1064,p:4062
p:1064,p:6275
p:1064,p:8977
p:1064,p:39317
p:1064,p:40455
p:1064,p:50168
p:1064,p:52498
p:2736,p:4062
p:2736,p:6275
p:2736,p:8977
p:2736,p:39317
p:2736,p:40455
p:2736,p:50168
p:2736,p:52498
p:4062,p:6275
p:4062,p:8977
p:4062,p:39317
p:4062,p:40455
p:4062,p:50168
p:4062,p:52498
p:6275,p:8977
p:6275,p:39317
p:6275,p:40455
p:6275,p:50168
p:6275,p:52498
p:8977,p:39317
p:8977,p:40455
p:8977,p:50168
p:8977,p:52498
p:39317,p:40455
p:39317,p:50168
p:39317,p:52498
p:40455,p:50168
p:40455,p:52498
p:50168,p:52498
p:74,p:1814
p:74,p:19405
p:74,p:52351
p:74,p:64437
p:74,p:72775
p:1814,p:19405
p:1814,p:52351
p:1814,p:64437
p:1814,p:72775
p:19405,p:52351
p:19405,p:64437
p:19405,p:72775
p:52351,p:64437
p:52351,p:72775
p:64437,p:72775
p:74,p:1530
p:74,p:80628
p:1530,p:80628
p:74,p:1064
p:74,p:3791
p:1064,p:3791
p:180,p:1530
p:180,p:10507
p:180,p:29860
p:10507,p:29860
p:403,p:58664
p:403,p:48278
p:405,p:34606
p:405,p:37602
p:34606,p:37602
p:547,p:4056
p:547,p:36743
p:4056,p:36743
p:547,p:4056
p:547,p:18479
p:547,p:36743
p:4056,p:18479
p:4056,p:36743
p:18479,p:36743
p:570,p:693
p:570,p:1597
p:570,p:10322
p:570,p:14545
p:570,p:64246
p:693,p:1597
p:693,p:10322
p:693,p:14545
p:693,p:64246
p:1597,p:10322
p:1597,p:14545
p:1597,p:64246
p:10322,p:14545
p:10322,p:64246
p:14545,p:64246
p:570,p:27275
p:570,p:17506
p:570,p:4256
p:570,p:7991
p:570,p:11713
p:4256,p:7991
p:4256,p:11713
p:7991,p:11713
p:570,p:79367
p:570,p:35873
p:570,p:4535
p:570,p:1529
p:570,p:1530
p:570,p:3791
p:570,p:5090
p:570,p:6275
p:570,p:8137
p:570,p:8517
p:570,p:8778
p:570,p:73760
p:1529,p:1530
p:1529,p:3791
p:1529,p:5090
p:1529,p:6275
p:1529,p:8137
p:1529,p:8517
p:1529,p:8778
p:1529,p:73760
p:1530,p:3791
p:1530,p:5090
p:1530,p:6275
p:1530,p:8137
p:1530,p:8517
p:1530,p:8778
p:1530,p:73760
p:3791,p:5090
p:3791,p:6275
p:3791,p:8137
p:3791,p:8517
p:3791,p:8778
p:3791,p:73760
p:5090,p:6275
p:5090,p:8137
p:5090,p:8517
p:5090,p:8778
p:5090,p:73760
p:6275,p:8137
p:6275,p:8517
p:6275,p:8778
p:6275,p:73760
p:8137,p:8517
p:8137,p:8778
p:8137,p:73760
p:8517,p:8778
p:8517,p:73760
p:8778,p:73760
p:693,p:11880
p:693,p:1631
p:693,p:5079
p:693,p:8137
p:693,p:27275
p:693,p:30531
p:693,p:37123
p:693,p:40728
p:693,p:44019
p:693,p:52498
p:693,p:54413
p:1631,p:5079
p:1631,p:8137
p:1631,p:27275
p:1631,p:30531
p:1631,p:37123
p:1631,p:40728
p:1631,p:44019
p:1631,p:52498
p:1631,p:54413
p:5079,p:8137
p:5079,p:27275
p:5079,p:30531
p:5079,p:37123
p:5079,p:40728
p:5079,p:44019
p:5079,p:52498
p:5079,p:54413
p:8137,p:27275
p:8137,p:30531
p:8137,p:37123
p:8137,p:40728
p:8137,p:44019
p:8137,p:52498
p:8137,p:54413
p:27275,p:30531
p:27275,p:37123
p:27275,p:40728
p:27275,p:44019
p:27275,p:52498
p:27275,p:54413
p:30531,p:37123
p:30531,p:40728
p:30531,p:44019
p:30531,p:52498
p:30531,p:54413
p:37123,p:40728
p:37123,p:44019
p:37123,p:52498
p:37123,p:54413
p:40728,p:44019
p:40728,p:52498
p:40728,p:54413
p:44019,p:52498
p:44019,p:54413
p:52498,p:54413
p:743,p:1392
p:743,p:2736
p:743,p:70892
p:743,p:77080
p:1392,p:2736
p:1392,p:70892
p:1392,p:77080
p:2736,p:70892
p:2736,p:77080
p:70892,p:77080
p:743,p:8065
p:743,p:21870
p:8065,p:21870
p:743,p:8065
p:743,p:2198
p:743,p:2604
p:743,p:8065
p:743,p:38324
p:2604,p:8065
p:2604,p:38324
p:8065,p:38324
p:743,p:795
p:743,p:2198
p:743,p:3112
p:743,p:58702
p:743,p:8517
p:743,p:1626
p:795,p:75320
p:795,p:8065
p:795,p:27275
p:795,p:29837
p:795,p:63193
p:8065,p:27275
p:8065,p:29837
p:8065,p:63193
p:27275,p:29837
p:27275,p:63193
p:29837,p:63193
p:795,p:37086
p:795,p:38191
p:843,p:3835
p:843,p:4256
p:3835,p:4256
p:843,p:5090
p:1031,p:1597
p:1031,p:10324
p:1031,p:11880
p:1031,p:15351
p:1031,p:24934
p:1031,p:29616
p:1031,p:37098
p:1031,p:44019
p:1031,p:56261
p:1031,p:57972
p:1031,p:63936
p:1031,p:66265
p:1031,p:70707
p:1031,p:73760
p:1031,p:89687
p:1597,p:10324
p:1597,p:11880
p:1597,p:15351
p:1597,p:24934
p:1597,p:29616
p:1597,p:37098
p:1597,p:44019
p:1597,p:56261
p:1597,p:57972
p:1597,p:63936
p:1597,p:66265
p:1597,p:70707
p:1597,p:73760
p:1597,p:89687
p:10324,p:11880
p:10324,p:15351
p:10324,p:24934
p:10324,p:29616
p:10324,p:37098
p:10324,p:44019
p:10324,p:56261
p:10324,p:57972
p:10324,p:63936
p:10324,p:66265
p:10324,p:70707
p:10324,p:73760
p:10324,p:89687
p:11880,p:15351
p:11880,p:24934
p:11880,p:29616
p:11880,p:37098
p:11880,p:44019
p:11880,p:56261
p:11880,p:57972
p:11880,p:63936
p:11880,p:66265
p:11880,p:70707
p:11880,p:73760
p:11880,p:89687
p:15351,p:24934
p:15351,p:29616
p:15351,p:37098
p:15351,p:44019
p:15351,p:56261
p:15351,p:57972
p:15351,p:63936
p:15351,p:66265
p:15351,p:70707
p:15351,p:73760
p:15351,p:89687
p:24934,p:29616
p:24934,p:37098
p:24934,p:44019
p:24934,p:56261
p:24934,p:57972
p:24934,p:63936
p:24934,p:66265
p:24934,p:70707
p:24934,p:73760
p:24934,p:89687
p:29616,p:37098
p:29616,p:44019
p:29616,p:56261
p:29616,p:57972
p:29616,p:63936
p:29616,p:66265
p:29616,p:70707
p:29616,p:73760
p:29616,p:89687
p:37098,p:44019
p:37098,p:56261
p:37098,p:57972
p:37098,p:63936
p:37098,p:66265
p:37098,p:70707
p:37098,p:73760
p:37098,p:89687
p:44019,p:56261
p:44019,p:57972
p:44019,p:63936
p:44019,p:66265
p:44019,p:70707
p:44019,p:73760
p:44019,p:89687
p:56261,p:57972
p:56261,p:63936
p:56261,p:66265
p:56261,p:70707
p:56261,p:73760
p:56261,p:89687
p:57972,p:63936
p:57972,p:66265
p:57972,p:70707
p:57972,p:73760
p:57972,p:89687
p:63936,p:66265
p:63936,p:70707
p:63936,p:73760
p:63936,p:89687
p:66265,p:70707
p:66265,p:73760
p:66265,p:89687
p:70707,p:73760
p:70707,p:89687
p:73760,p:89687
p:1064,p:69216
p:1064,p:75887
p:69216,p:75887
p:1529,p:34252
p:1529,p:2118
p:1529,p:4010
p:1529,p:30531
p:1529,p:30923
p:1529,p:35459
p:1529,p:38055
p:1529,p:51828
p:1529,p:56822
p:1529,p:64506
p:2118,p:4010
p:2118,p:30531
p:2118,p:30923
p:2118,p:35459
p:2118,p:38055
p:2118,p:51828
p:2118,p:56822
p:2118,p:64506
p:4010,p:30531
p:4010,p:30923
p:4010,p:35459
p:4010,p:38055
p:4010,p:51828
p:4010,p:56822
p:4010,p:64506
p:30531,p:30923
p:30531,p:35459
p:30531,p:38055
p:30531,p:51828
p:30531,p:56822
p:30531,p:64506
p:30923,p:35459
p:30923,p:38055
p:30923,p:51828
p:30923,p:56822
p:30923,p:64506
p:35459,p:38055
p:35459,p:51828
p:35459,p:56822
p:35459,p:64506
p:38055,p:51828
p:38055,p:56822
p:38055,p:64506
p:51828,p:56822
p:51828,p:64506
p:56822,p:64506
p:1530,p:1814
p:1530,p:4062
p:1530,p:5794
p:1530,p:6297
p:1530,p:8778
p:1530,p:8977
p:1530,p:10322
p:1530,p:14003
p:1530,p:25364
p:1530,p:26061
p:1530,p:29616
p:1530,p:29837
p:1530,p:38055
p:1530,p:38324
p:1530,p:39317
p:1530,p:43248
p:1530,p:45561
p:1530,p:52498
p:1530,p:54692
p:1530,p:56261
p:1530,p:58593
p:1530,p:63431
p:1530,p:66265
p:1530,p:72386
p:1530,p:77080
p:1814,p:4062
p:1814,p:5794
p:1814,p:6297
p:1814,p:8778
p:1814,p:8977
p:1814,p:10322
p:1814,p:14003
p:1814,p:25364
p:1814,p:26061
p:1814,p:29616
p:1814,p:29837
p:1814,p:38055
p:1814,p:38324
p:1814,p:39317
p:1814,p:43248
p:1814,p:45561
p:1814,p:52498
p:1814,p:54692
p:1814,p:56261
p:1814,p:58593
p:1814,p:63431
p:1814,p:66265
p:1814,p:72386
p:1814,p:77080
p:4062,p:5794
p:4062,p:6297
p:4062,p:8778
p:4062,p:8977
p:4062,p:10322
p:4062,p:14003
p:4062,p:25364
p:4062,p:26061
p:4062,p:29616
p:4062,p:29837
p:4062,p:38055
p:4062,p:38324
p:4062,p:39317
p:4062,p:43248
p:4062,p:45561
p:4062,p:52498
p:4062,p:54692
p:4062,p:56261
p:4062,p:58593
p:4062,p:63431
p:4062,p:66265
p:4062,p:72386
p:4062,p:77080
p:5794,p:6297
p:5794,p:8778
p:5794,p:8977
p:5794,p:10322
p:5794,p:14003
p:5794,p:25364
p:5794,p:26061
p:5794,p:29616
p:5794,p:29837
p:5794,p:38055
p:5794,p:38324
p:5794,p:39317
p:5794,p:43248
p:5794,p:45561
p:5794,p:52498
p:5794,p:54692
p:5794,p:56261
p:5794,p:58593
p:5794,p:63431
p:5794,p:66265
p:5794,p:72386
p:5794,p:77080
p:6297,p:8778
p:6297,p:8977
p:6297,p:10322
p:6297,p:14003
p:6297,p:25364
p:6297,p:26061
p:6297,p:29616
p:6297,p:29837
p:6297,p:38055
p:6297,p:38324
p:6297,p:39317
p:6297,p:43248
p:6297,p:45561
p:6297,p:52498
p:6297,p:54692
p:6297,p:56261
p:6297,p:58593
p:6297,p:63431
p:6297,p:66265
p:6297,p:72386
p:6297,p:77080
p:8778,p:8977
p:8778,p:10322
p:8778,p:14003
p:8778,p:25364
p:8778,p:26061
p:8778,p:29616
p:8778,p:29837
p:8778,p:38055
p:8778,p:38324
p:8778,p:39317
p:8778,p:43248
p:8778,p:45561
p:8778,p:52498
p:8778,p:54692
p:8778,p:56261
p:8778,p:58593
p:8778,p:63431
p:8778,p:66265
p:8778,p:72386
p:8778,p:77080
p:8977,p:10322
p:8977,p:14003
p:8977,p:25364
p:8977,p:26061
p:8977,p:29616
p:8977,p:29837
p:8977,p:38055
p:8977,p:38324
p:8977,p:39317
p:8977,p:43248
p:8977,p:45561
p:8977,p:52498
p:8977,p:54692
p:8977,p:56261
p:8977,p:58593
p:8977,p:63431
p:8977,p:66265
p:8977,p:72386
p:8977,p:77080
p:10322,p:14003
p:10322,p:25364
p:10322,p:26061
p:10322,p:29616
p:10322,p:29837
p:10322,p:38055
p:10322,p:38324
p:10322,p:39317
p:10322,p:43248
p:10322,p:45561
p:10322,p:52498
p:10322,p:54692
p:10322,p:56261
p:10322,p:58593
p:10322,p:63431
p:10322,p:66265
p:10322,p:72386
p:10322,p:77080
p:14003,p:25364
p:14003,p:26061
p:14003,p:29616
p:14003,p:29837
p:14003,p:38055
p:14003,p:38324
p:14003,p:39317
p:14003,p:43248
p:14003,p:45561
p:14003,p:52498
p:14003,p:54692
p:14003,p:56261
p:14003,p:58593
p:14003,p:63431
p:14003,p:66265
p:14003,p:72386
p:14003,p:77080
p:25364,p:26061
p:25364,p:29616
p:25364,p:29837
p:25364,p:38055
p:25364,p:38324
p:25364,p:39317
p:25364,p:43248
p:25364,p:45561
p:25364,p:52498
p:25364,p:54692
p:25364,p:56261
p:25364,p:58593
p:25364,p:63431
p:25364,p:66265
p:25364,p:72386
p:25364,p:77080
p:26061,p:29616
p:26061,p:29837
p:26061,p:38055
p:26061,p:38324
p:26061,p:39317
p:26061,p:43248
p:26061,p:45561
p:26061,p:52498
p:26061,p:54692
p:26061,p:56261
p:26061,p:58593
p:26061,p:63431
p:26061,p:66265
p:26061,p:72386
p:26061,p:77080
p:29616,p:29837
p:29616,p:38055
p:29616,p:38324
p:29616,p:39317
p:29616,p:43248
p:29616,p:45561
p:29616,p:52498
p:29616,p:54692
p:29616,p:56261
p:29616,p:58593
p:29616,p:63431
p:29616,p:66265
p:29616,p:72386
p:29616,p:77080
p:29837,p:38055
p:29837,p:38324
p:29837,p:39317
p:29837,p:43248
p:29837,p:45561
p:29837,p:52498
p:29837,p:54692
p:29837,p:56261
p:29837,p:58593
p:29837,p:63431
p:29837,p:66265
p:29837,p:72386
p:29837,p:77080
p:38055,p:38324
p:38055,p:39317
p:38055,p:43248
p:38055,p:45561
p:38055,p:52498
p:38055,p:54692
p:38055,p:56261
p:38055,p:58593
p:38055,p:63431
p:38055,p:66265
p:38055,p:72386
p:38055,p:77080
p:38324,p:39317
p:38324,p:43248
p:38324,p:45561
p:38324,p:52498
p:38324,p:54692
p:38324,p:56261
p:38324,p:58593
p:38324,p:63431
p:38324,p:66265
p:38324,p:72386
p:38324,p:77080
p:39317,p:43248
p:39317,p:45561
p:39317,p:52498
p:39317,p:54692
p:39317,p:56261
p:39317,p:58593
p:39317,p:63431
p:39317,p:66265
p:39317,p:72386
p:39317,p:77080
p:43248,p:45561
p:43248,p:52498
p:43248,p:54692
p:43248,p:56261
p:43248,p:58593
p:43248,p:63431
p:43248,p:66265
p:43248,p:72386
p:43248,p:77080
p:45561,p:52498
p:45561,p:54692
p:45561,p:56261
p:45561,p:58593
p:45561,p:63431
p:45561,p:66265
p:45561,p:72386
p:45561,p:77080
p:52498,p:54692
p:52498,p:56261
p:52498,p:58593
p:52498,p:63431
p:52498,p:66265
p:52498,p:72386
p:52498,p:77080
p:54692,p:56261
p:54692,p:58593
p:54692,p:63431
p:54692,p:66265
p:54692,p:72386
p:54692,p:77080
p:56261,p:58593
p:56261,p:63431
p:56261,p:66265
p:56261,p:72386
p:56261,p:77080
p:58593,p:63431
p:58593,p:66265
p:58593,p:72386
p:58593,p:77080
p:63431,p:66265
p:63431,p:72386
p:63431,p:77080
p:66265,p:72386
p:66265,p:77080
p:72386,p:77080
p:1530,p:8876
p:1530,p:54413
p:8876,p:54413
p:1577,p:1626
p:1577,p:1631
p:1577,p:3112
p:1626,p:1631
p:1626,p:3112
p:1631,p:3112
p:1626,p:2736
p:1626,p:69166
p:2736,p:69166
p:1626,p:11713
p:1626,p:6950
p:1626,p:10322
p:1626,p:38055
p:1626,p:79367
p:6950,p:10322
p:6950,p:38055
p:6950,p:79367
p:10322,p:38055
p:10322,p:79367
p:38055,p:79367
p:1626,p:5794
p:1626,p:11710
p:1626,p:10324
p:1626,p:56261
p:10324,p:56261
p:1626,p:2502
p:1626,p:37098
p:2502,p:37098
p:1626,p:2118
p:1814,p:39317
p:1814,p:2096
p:1814,p:3514
p:1909,p:11710
p:1909,p:11713
p:1909,p:56986
p:11710,p:11713
p:11710,p:56986
p:11713,p:56986
p:1909,p:35873
p:2015,p:21426
p:2015,p:47061
p:21426,p:47061
p:2015,p:5572
p:2029,p:30637
p:2029,p:32104
p:2029,p:36174
p:2029,p:38055
p:2029,p:50892
p:2029,p:58580
p:2029,p:77080
p:30637,p:32104
p:30637,p:36174
p:30637,p:38055
p:30637,p:50892
p:30637,p:58580
p:30637,p:77080
p:32104,p:36174
p:32104,p:38055
p:32104,p:50892
p:32104,p:58580
p:32104,p:77080
p:36174,p:38055
p:36174,p:50892
p:36174,p:58580
p:36174,p:77080
p:38055,p:50892
p:38055,p:58580
p:38055,p:77080
p:50892,p:58580
p:50892,p:77080
p:58580,p:77080
p:2029,p:63936
p:2029,p:181656
p:63936,p:181656
p:2029,p:20981
p:2029,p:39427
p:20981,p:39427
p:2029,p:51645
p:2029,p:2902
p:2029,p:85416
p:2096,p:5177
p:2096,p:8977
p:2096,p:17276
p:2096,p:50169
p:5177,p:8977
p:5177,p:17276
p:5177,p:50169
p:8977,p:17276
p:8977,p:50169
p:17276,p:50169
p:2096,p:8065
p:2096,p:60083
p:8065,p:60083
p:2118,p:5975
p:2118,p:171117
p:2279,p:8778
p:2279,p:25364
p:2279,p:72775
p:8778,p:25364
p:8778,p:72775
p:25364,p:72775
p:2279,p:18479
p:2279,p:29160
p:2279,p:62532
p:18479,p:29160
p:18479,p:62532
p:29160,p:62532
p:2279,p:2902
p:2279,p:58664
p:2902,p:58664
p:2279,p:34958
p:2279,p:54413
p:2502,p:35504
p:2502,p:72386
p:2736,p:15351
p:2902,p:34958
p:2904,p:18479
p:2904,p:45907
p:2929,p:70707
p:3514,p:8065
p:3791,p:34958
p:3791,p:61352
p:34958,p:61352
p:3834,p:3835
p:3834,p:3835
p:3834,p:50169
p:3835,p:50169
p:3835,p:36174
p:3835,p:152856
p:4010,p:10507
p:4010,p:45907
p:10507,p:45907
p:4056,p:16302
p:4056,p:36743
p:16302,p:36743
p:4056,p:60083
p:4056,p:8137
p:4056,p:11710
p:4056,p:23250
p:8137,p:11710
p:8137,p:23250
p:11710,p:23250
p:4535,p:9154
p:4535,p:40365
p:4535,p:40365
p:5090,p:45561
p:5090,p:5975
p:5090,p:43861
p:5975,p:43861
p:5090,p:6297
p:5177,p:84823
p:5177,p:14189
p:5177,p:34606
p:5177,p:36174
p:5177,p:54692
p:5177,p:75605
p:14189,p:34606
p:14189,p:36174
p:14189,p:54692
p:14189,p:75605
p:34606,p:36174
p:34606,p:54692
p:34606,p:75605
p:36174,p:54692
p:36174,p:75605
p:54692,p:75605
p:5572,p:8137
p:5572,p:20981
p:8137,p:20981
p:5572,p:14457
p:5572,p:61352
p:5844,p:18435
p:5975,p:43861
p:5975,p:9154
p:5975,p:20981
p:5975,p:36464
p:5975,p:70892
p:9154,p:20981
p:9154,p:36464
p:9154,p:70892
p:20981,p:36464
p:20981,p:70892
p:36464,p:70892
p:5996,p:8143
p:5996,p:40365
p:8143,p:40365
p:5996,p:21216
p:6275,p:16302
p:6275,p:36743
p:16302,p:36743
p:6275,p:11751
p:6525,p:54413
p:6950,p:48278
p:6950,p:79367
p:48278,p:79367
p:7307,p:51828
p:7307,p:30531
p:7307,p:32104
p:7307,p:54692
p:30531,p:32104
p:30531,p:54692
p:32104,p:54692
p:7438,p:47061
p:7815,p:8977
p:7815,p:45561
p:7815,p:51828
p:7815,p:152856
p:7815,p:208145
p:8977,p:45561
p:8977,p:51828
p:8977,p:152856
p:8977,p:208145
p:45561,p:51828
p:45561,p:152856
p:45561,p:208145
p:51828,p:152856
p:51828,p:208145
p:152856,p:208145
p:7815,p:63665
p:7991,p:29160
p:7991,p:35459
p:29160,p:35459
p:8065,p:44091
p:8065,p:18479
p:8137,p:12320
p:8137,p:18510
p:8137,p:24934
p:8137,p:63193
p:12320,p:18510
p:12320,p:24934
p:12320,p:63193
p:18510,p:24934
p:18510,p:63193
p:24934,p:63193
p:8517,p:63987
p:8778,p:63126
p:8876,p:26061
p:8876,p:67483
p:26061,p:67483
p:8876,p:72386
p:9657,p:36174
p:10322,p:18479
p:10324,p:63193
p:10324,p:18435
p:10324,p:24934
p:11710,p:75605
p:14003,p:75320
p:14457,p:40455
p:14457,p:35459
p:14457,p:89687
p:35459,p:89687
p:14457,p:30923
p:14545,p:63936
p:14545,p:15262
p:15351,p:75320
p:15351,p:27275
p:15795,p:44156
p:15795,p:39427
p:16302,p:16303
p:16303,p:18479
p:16303,p:29160
p:16303,p:40455
p:18479,p:29160
p:18479,p:40455
p:29160,p:40455
p:17506,p:60083
p:18435,p:40365
p:18479,p:35873
p:18479,p:29330
p:18479,p:61352
p:29330,p:61352
p:18479,p:29330
p:19405,p:203981
p:20981,p:32104
p:20981,p:70892
p:21216,p:56261
p:21667,p:75320
p:22379,p:64506
p:23250,p:73760
p:27275,p:63193
p:27628,p:80628
p:27628,p:43044
p:27628,p:80628
p:29160,p:29330
p:29160,p:67082
p:29616,p:39317
p:30531,p:63665
p:34262,p:151205
p:34958,p:37123
p:34958,p:58702
p:35459,p:47061
p:35504,p:77080
p:36174,p:43248
p:36743,p:40363
p:36743,p:63936
p:38055,p:58593
p:40363,p:78417
p:40365,p:54150
p:40365,p:71914
p:54150,p:71914
p:40728,p:62500
p:45432,p:58702
p:45561,p:79367
p:47073,p:181656
p:47073,p:79367
p:49542,p:64478
p:49542,p:64437
p:49761,p:84823
p:49761,p:54410
p:50169,p:63431
p:51645,p:62500
p:61352,p:171117
p:70221,p:151205
p:70221,p:79619
p:77080,p:80628
